Unit,Adaptive Treatment,Fraction Treated,Treatment Effect Function,Method,NMAE,NMAE Treated Only
State Name,True,1.0,additive,My Estimator,0.09013981995248418,0.09299046213513446
State Name,True,1.0,additive,MCNNM,0.0,0.19829304149987778
State Name,True,1.0,additive,LinearDML,0.2591038711351461,0.2599600736168633
State Name,True,1.0,additive,DML,0.07472461402884852,0.07657809731495269
State Name,True,1.0,additive,CausalForestDML,0.09644474238868482,0.10996209952537565
State Name,True,1.0,additive,DRLearner,0.6838998293792463,0.7593568644095301
State Name,True,1.0,additive,ForestDRLearner,0.1294136255897646,0.14306160701142093
State Name,True,1.0,additive,XLearner,0.1288076655259513,0.12492456869344865
State Name,True,1.0,additive,Causal Forest (R),0.13614951479116505,0.15056609466153492
