Unit,Adaptive Treatment,Fraction Treated,Treatment Effect Function,Method,NMAE,NMAE Treated Only
State Name,True,1.0,additive,My Estimator,0.0472794691064838,0.045877316321947456
State Name,True,1.0,additive,MCNNM,0.0,0.17355930342593848
State Name,True,1.0,additive,LinearDML,0.13939028417225494,0.1369201734244202
State Name,True,1.0,additive,DML,0.12512873518337092,0.12730348809697611
State Name,True,1.0,additive,CausalForestDML,0.14422882234659698,0.142113522271868
State Name,True,1.0,additive,DRLearner,0.2693161733763337,0.2587910675046889
State Name,True,1.0,additive,ForestDRLearner,0.23588414257357432,0.2509895752862275
State Name,True,1.0,additive,XLearner,0.1399619118074271,0.13373627329097684
State Name,True,1.0,additive,Causal Forest (R),0.11584446734521127,0.10110587416318091
