Unit,Adaptive Treatment,Fraction Treated,Treatment Effect Function,Method,NMAE,NMAE Treated Only
County Name,True,1.0,additive,My Estimator,0.2115706458576298,0.21501901453649627
County Name,True,1.0,additive,MCNNM,0.0,0.4276035923925573
County Name,True,1.0,additive,LinearDML,0.057527824790705805,0.062460555361698526
County Name,True,1.0,additive,DML,0.08397717379931206,0.09388360502993012
County Name,True,1.0,additive,CausalForestDML,0.15959507412154125,0.12139456295084887
County Name,True,1.0,additive,DRLearner,0.7883439159962434,0.7515419092945075
County Name,True,1.0,additive,ForestDRLearner,0.18833980593517954,0.12064481426902604
County Name,True,1.0,additive,XLearner,0.1988635100589918,0.1848171206089166
County Name,True,1.0,additive,Causal Forest (R),0.13852954148035887,0.09427111883171686
