Unit,Adaptive Treatment,Fraction Treated,Treatment Effect Function,Method,NMAE,NMAE Treated Only
CLIENT_ZIP,True,1.0,additive,My Estimator,0.05485299527413724,0.05716345285947575
CLIENT_ZIP,True,1.0,additive,MCNNM,0.0,0.08093888835374934
CLIENT_ZIP,True,1.0,additive,LinearDML,0.044942606373961046,0.034442794738774915
CLIENT_ZIP,True,1.0,additive,DML,0.14468238904662648,0.1369318634266424
CLIENT_ZIP,True,1.0,additive,CausalForestDML,0.09524470389443342,0.06297800292599773
CLIENT_ZIP,True,1.0,additive,DRLearner,0.49194435591676483,0.49588335222836327
CLIENT_ZIP,True,1.0,additive,ForestDRLearner,0.2537231447494499,0.22858612953946505
CLIENT_ZIP,True,1.0,additive,XLearner,0.2708475263543419,0.3067039092487334
CLIENT_ZIP,True,1.0,additive,Causal Forest (R),0.05015705015931853,0.03509910964615733
