Unit,Adaptive Treatment,Fraction Treated,Treatment Effect Function,Method,NMAE,NMAE Treated Only
CLIENT_ZIP,True,1.0,additive,My Estimator,0.05366673526530493,0.044866929610909476
CLIENT_ZIP,True,1.0,additive,MCNNM,0.0,0.0736528540358342
CLIENT_ZIP,True,1.0,additive,LinearDML,0.05190179692341594,0.03614055866026761
CLIENT_ZIP,True,1.0,additive,DML,0.138502000155398,0.13064736053734483
CLIENT_ZIP,True,1.0,additive,CausalForestDML,0.09618298487635664,0.059615697956372345
CLIENT_ZIP,True,1.0,additive,DRLearner,0.6827899964247887,0.5935628345045743
CLIENT_ZIP,True,1.0,additive,ForestDRLearner,0.2670047920159986,0.21926129644189082
CLIENT_ZIP,True,1.0,additive,XLearner,0.2835367244580554,0.283938982739199
CLIENT_ZIP,True,1.0,additive,Causal Forest (R),0.060989145286911975,0.03534581129543808
